h_avg,h_std
2.6720719702539997,0.029152069130548453
2.6746021583485002,0.0281376328555165
2.6753480154190004,0.027841217701639158
2.6746275466785,0.028131794680075043
2.675950223708,0.02770636727162815
2.6752045261960005,0.028061568047768697
2.676719398661,0.027758730508336174
2.6762093322645,0.027664418366852673
2.6760981437409996,0.027949268929736832
2.676225174233,0.027738300681879133
