h_avg,h_std
2.674471971532351,0.02827366634419185
2.6757859653954505,0.027775538797012212
2.6763044411833,0.027649447103570736
2.67642697586635,0.027544156649906684
2.6764400682156784,0.02748438189932226
