h_avg,h_std
2.6746757096201,0.02812288027097175
2.6762138112952,0.027608803497658777
2.6764251447947,0.027546574800044122
2.6764942264164997,0.027485054479712893
2.6765971337084,0.02750455735771257
