h_avg,h_std
2.6715933067644997,0.029594700439031667
2.6739279775280003,0.028376323769319225
2.6751591502890006,0.027694061373126185
2.6754009111515,0.02790128095534517
2.675619350927,0.02787566198484456
2.675523515547,0.02753691256614506
2.6754218319070002,0.027735071409623672
2.675960523031,0.027575830254154204
2.676604479087,0.02785633075287819
2.676014895644,0.027577723384412643
