ASPL,p,transitivity
16.890308040201006,0.0001,0.5997640786404531
16.58767889447236,0.0003727593720314938,0.599412235228719
15.305399497487436,0.0013894954943731374,0.5972517932475079
11.861862311557788,0.005179474679231213,0.5893902859147475
7.464353768844222,0.019306977288832496,0.5636250414889638
4.827448241206031,0.07196856730011514,0.47604156289535626
3.55610351758794,0.2682695795279725,0.2345451666967873
3.1473155778894477,1.0,0.024750826845991548
