network,degree_assortativity
CKM physicians,0.00828610355854759
Dolphins,-0.029914481814623896
Freeman's EIES,-0.12286778303981764
Golden Age,-0.11114635827329385
Kapferer tailor,-0.12649635851648675
Les Miserables,-0.1376377534337047
Hollywood music,-0.1814488074900661
Sampson's monastery,-0.13368822623282697
Terrorist,-0.13358672333163982
