epsilon,nodes,edges,density,average_degree,max_degree,min_degree,degree_assortativity,transitivity,average_clustering,ASPL,average_hx,average_hxsquared,average_ECC,count
0.05,110.0,202.0,0.03369474562135122,3.6727272727272617,9.14,1.0,0.0986599217352359,0.15155547798273225,0.139754453627181,4.045387267167084,3.238562846962939,10.497034685480875,0.19030717370358902,116244.0
0.1,110.0,212.0,0.035362802335279477,3.854545454545455,9.353333333333333,1.0,0.0842528896107078,0.14132620096896087,0.13270802715802715,3.863083124826243,3.244713921646144,10.536105970841314,0.18435518144919588,116782.0
0.15000000000000002,110.0,221.0,0.036864053377814905,4.018181818181806,9.536666666666667,1.0,0.07430440348824167,0.13390083726905472,0.12770162463798837,3.7190697803725348,3.249681218810441,10.567965225713044,0.18017683495824693,117237.0
0.2,110.0,231.0,0.03853211009174323,4.200000000000023,9.693333333333333,1.0,0.059251638263210255,0.1263248227627184,0.12267688674961401,3.5802863497358914,3.2546235589074395,10.599729975973549,0.17581762518149935,117769.0
0.25,110.0,241.0,0.04020016680567148,4.381818181818201,9.963333333333333,1.0,0.05404891963353257,0.12017144378281264,0.11855069072341799,3.4645198776758406,3.2602614336366558,10.635941923886653,0.172065054472865,118224.0
0.3,110.0,250.0,0.041701417848206926,4.545454545454522,10.263333333333334,1.0033333333333334,0.054072234649332966,0.11579923958861209,0.11386917762372313,3.370345287739784,3.264525354897346,10.663439040718082,0.1677022055108297,118748.0
0.35000000000000003,110.0,260.0,0.04336947456213517,4.7272727272727435,10.546666666666667,1.0,0.04828180964140957,0.11169385175466161,0.11021875313238953,3.278577703641922,3.2685793056232013,10.689616519093931,0.16442235863376026,119247.0
0.4,110.0,270.0,0.04503753127606367,4.909090909090927,10.773333333333333,1.03,0.03955264801518478,0.10637489885590598,0.10547715214078854,3.1925599110369762,3.2724625980542985,10.714659291054454,0.15969854602851166,119741.0
